99,
BY,
TO,
FOR,
9,
NEGATIVE,y
RESULTS,
REPORTED,
POSITIVE,y
VIRAL,
SPECIMEN,y
A,
INFLUENZA,
BE,
ML,
AU,
AND,
PHONE,
ANTIGEN,
RESPIRATORY,
WITH,
AT,
CULTURE,
CONFIRMATION,
TESTING,
INFECTION,
THIS,
NOT,y
READ,
BACK,
DR,
FROM,
CAUTION,
INTERPRET,
ALL,
USED,
SHOULD,
REFERENCE,y
RANGE,
PRECAUTIONS,
DISCONTINUE,
DFA,
INADEQUATE,y
THAN,
DETECTING,
CELLS,
9999,
REFER,y
IGG,
CMV,
TEST,
EIA,
NEW,
SAMPLE,
LESS,y
EPITHELIAL,
COLUMNAR,
THE,
ANTIBODY,
SUBMITTED,
RECOMMEND,
ON,
999,
PENDING,
C,
99.99,
DIFFICILE,y
OF,
ASSAY,
IS,
TOXIGENIC,
AMPLIFICATION,
RESULT,
B,
9.99PM,
PATIENT,
CANCELED,y
CREDITED,y
VIRUS,
MAY,
DNA,
DIRECT,
ILLUMIGENE,
99.99AM,
PERFORMED,
GREATER,y
REQUESTED,y
PLEASE,y
LAB,
STATE,
ARE,
DUE,
POLYMORPHONUCLEAR,
LEUKOCYTES,
LACK,
INDICATES,
UNINTERPRETABLE,y
TESTS,
IMMUNITY,
FURTHER,
PCR,
.99999,
PAST,
GENERALLY,
EXPOSURE,
WHEN,
REMAINS,
REACTIVATE,
ONCE,
LATENT,
CONTRACTED,
COMPROMISED,
INFORMATION,
OR,
SWINE,
RT,
LIKE,
H9N9,
PM,
99999,
9.99,
AM,
99.99PM,
IF,
SUBMIT,y
IN,
H9,
DUPLICATE,y
MEMBRANE,
IMMUNOASSAY,
ENZYME,
REPORT,
CORRECTED,y
AS,
DETECTED,
NUCLEIC,
CEPHEID,
WEEKS,
ACID,
PREVIOUSLY,y
BIDMC,
999PM,
IGM,
RNA,
WEEK,
MCELROY,
LABORATORY,
WILL,
RUN,
9.99P,
RECEIVED,
CLINICALLY,
9999AM,
PER,
M,
J,
D,
MATERIAL,
INSUFFICIENT,y
EVALUATION,
CELLULAR,
CAUSE,
9PM,
RAPID,
INDICATED,
S,
NO,y
DEBBIE,
ORDER,
INVALID,y
DETECTABLE,
BOTH,
99.99A,
WAS,
SERUM,
REPEAT,
EW,
9P,
.99,
.9,
FALSE,
DETECTION,
ANOTHER,
WITHIN,
SCREEN,
MINIMUM,
MICROBIOLOGY,
K,
DONE,y
DAY,
CLINICAL,
VACCINE,
VACCINATION,
REMAIN,
MAXIMUM,
LIVE,
L,
ITS,
HAS,
FOLLOWING,
ANTIGENS,
WEST,
UP,
SUSPECTED,
ONLY,
ONE,
CAMPUS,
ACUTE,
TIME,
R.N,
PATIENTS,
EQUIVOCAL,y
E,
APPROVED,
CAROL,
SENSITIVITY,
SEE,
R,
NOTE,
LEVELS,
KANDEL,
SWABS,
SENT,
RESUBMIT,y
NASOPHARYNGEAL,
N,
MD,
MA,
WHICH,
REQUEST,
MICHAEL,
CAP,
99.99P,
9.99AM,
WORK,
VERIFIED,
USE,
NON,y
LINDA,
LEGIONELLA,
JONATHAN,
JASON,
INTERVAL,
ERIN,
EMERGENCY,
DAYS,
DAVID,
CONVALESCENT,
AFTER,
VIA,
U.S.FOOD,
RULE,
RUBELLA,
RESIDENT,
REACTIVE,y
PERFORMANCE,
PAGER,
PAGE,
OUT,
MANUAL,
JENNIFER,
EUA,
E.W,
DRUG,
DISCUSSION,
COLLECTION,
COHEN,
CHRISTENSEN,
CALL,
BROOKLINE,
BOSTON,
AVE,
AUTHORIZATION,
99D9999999,
99AM,
9999999,
999.999.9999,
WINDOW,
WESTERN,y
USING,
THERE,
SEVEN,
REASONS,
REAL,
OTHER,
NOTIFIED,
NORMALLY,
NEED,
MCTIGUE,
MAIL,
LATEX,
KELLY,
IMPROPER,y
IMMUNE,y
ELAPSED,
DISCUSS,
COMPELLING,
CLIA,
CANNOT,
BLOT,y
AGGLUTINATION,
ADMINISTRATION,
ACC,
THERAPY,
STOOL,
SARAH,
PROTEIN,
P,
NASAL,
MG,
MATTHEW,
M9,
INTERFERENCE,
GREATLY,
ELEVATED,y
DOES,
DL,
DAN,
CONTACT,
CC9A,
BURGDORFERI,
AUSTIN,
ASPIRATE,
999AM,
ZOSTER,
VIDAS,
VARICELLA,
TURBINATE,
TOXIN,
SUGGESTIVE,y
SOMEWHAT,
SHAH,
SEEN,y
ROSE,
O,
NICOLE,
MARY,
LOWEST,y
LOWER,y
LOG,y
KRISTIN,
JOYCE,
INFERIOR,
H,
GRAHAM,
ERROR,y
EPLEX,
DISEASE,
COLLEEN,
CHEN,
CDI,
ANDREW,
ADAM,
99R,
9999M,
VARY,
URINE,
UNABLE,y
UHL,
TESTED,y
SUSAN,
SUFFICIENT,y
STEPHANIE,
SPECIES,
SMITH,
SEROGROUPS,
SEROGROUP,
RESP,
RECENT,
QUANTITY,
PNEUMOPHILA,
PETER,
LYNNE,
LOW,
LISA,
KATHERINE,
KATE,
INTERPRETATION,
INFECTED,
IDENTIFIED,
IDENTIFICATION,
GREATEST,
FURTHERMORE,
FORMED,
FOLLOW,
FECES,
EXCRETION,
EU,
EMILY,
DR.AFFELN,
DONNA,
DO,
D.PENZO,
BONNIE,
BECAUSE,
APPROPRIATE,y
ACCEPTABLE,y
99PM,
9999PM,
9999G,
WORKUP,
WHITE,
V,
UNLIKELY,
THAT,
SYMPTOMS,
STEPHEN,
STAGES,
SHARON,
SARA,
ROBIN,
RN,
RETESTED,
R.KANDEL,
PRODUCE,
PLEX,
PETRAITIS,
PERFORM,y
PENZO,
NURSE,
NADELSON,
MOLECULAR,
MEDIA,
LYME,
LEE,
KIM,
KATHY,
KATHLEEN,
KAREN,
JUDY,
JESSICA,
JANKOWSKI,
IMMUNOCHROMOGENIC,
HIV,
HILL,
G,
ELLEN,
EILEEN,
EARLY,
DURING,
DIFF,
DEB,
CRYPTOSPORIDIUM,
CONFIRMED,y
CLARK,
CHANGE,
CARRIAGE,
BYANOVA,
BALDINI,
ANTIBIOTIC,
ANNE,
ANNA,
AMY,
AMANDA,
ALLEN,
ALINITY,
99A,
9999J,
9999F,
9999E,
9999B,
9999A,
VZG,
UNINFORMATIVE,y
UNDETERMINED,y
TUMOLO,
TRISTAN,
TRACY,
THOMAS,
SYSTEM,
SYLVIA,
STEVEN,
SPECIMENS,
SPEAR,
SAMPLES,
RVA,
ROBERTA,
ROBERT,
RICHARD,
RECOMMENDED,
REBECCA,
RBG,
PROCESSED,
PANEL,
OVERLAND,
OUTSIDE,
MITCHELL,
MELISSA,
MELIA,
MEASURED,
MCDONALD,
MARK,
LOCKE,
LIU,
LIKELIHOOD,
LI,
LARA,
KUDAKWASHE,
KATIE,
KATERINA,
KAPLINSKY,
KADEN,
JULIE,
JOSHUA,
JOSEPH,
JOSE,
JOHN,
JILL,
JERRY,
JEN,
JEFF,
JAMES,
INTERVALS,
HUMAN,
HISTORY,
HALE,
GROSSMAN,
GRETCHEN,
GRACE,
GIARDIA,
GENERATION,
FRAME,
FORD,
FALKE,
FA9,
EVEN,
EVAN,
ERIC,
DOCTOR,
DIETER,
DETECTS,
DEPINA,
DAWN,
DANIEL,
CURRENT,
CROCKER,
COX,
COOK,
COMPLETE,
COMBO,
CLAUDIA,
CHAMBERS,
C.DIFFICILE,y
BUSHIN,
BRYAN,
BROWN,
BRAIN,
BARBARA,
ATTENDING,
ARCHITECT,
ANN,
ALLYSA,
ALISON,
AG,
AFFELN,
AB,
9TH,
9N,
99N,
9999W,
9999R,
9999L,
9999D,
9999999W,
9999999C,
.9I,
ZISA,
YOON,
YASSA,
YANNICK,
XPERT,
WRIGHT,
WORKERS,
WONG,
WOLFSON,
WILLIAMS,
WERNICK,
WEI,
WANG,
VANKA,
UNIT,y
ULLMAN,
TUTTLE,
TOM,
THOSE,
TERRA,
TARARA,
TAN,
T,
SWAB,
SUTTON,
SULLIVAN,
SUKUL,
SU,
STRAINS,
STALEY,
SRIWATTANAKOMEN,
SOUTHARD,
SO,
SMEAR,
SKINNER,
SINGH,
SHERRY,
SHANNON,
SHANAHAN,
SENSITIVE,
SAMUEL,
RYAN,
RSV,
ROY,
ROSENTHAL,
ROBINSON,
RESULTS.BY,
RESOURCE,
REQUIRED,
REPRESENT,
REALE,
QUEST,
PROBABLE,
POLIN,
PHD,
PETRI,
PENA,
PELL,
PAULSON,
PATRICIA,
PAT,
PARKER,
OSTOMY,
ORSILLO,
ORIGINAL,
OFFICE,
OBTAINED,
NUMBER,
NECESSARY,
NATARAJ,
NADINE,
MUTYAMBIZI,
MS,
MOSKOWITZ,
MORTELLITE,
MONTGOMERY,
MICRO,
MICHELLE,
MICHAELS,
MEI,
MEGHAN,
MCGINTY,
MAUREEN,
MAURA,
MATT,
MATHEW,
MATERO,
MASTALERZ,
MARYBETH,
MARTIN,
MACLEISH,
M.MCCARTHY,
LYNN,
LYNCH,
LU,
LINDSEY,
LIMITED,
LIEGEL,
LEARY,
LAZAREV,
LAURIE,
LAMSON,
LAKE,
L.PETRITIS,
L.BALDINI,
KUMAR,
KRISTEN,
KRAMER,
KOLIANI,
KIRBY,
KEVIN,
KAY,
KASS,
KAPLAN,
KALAIDJIAN,
JODICE,
JIANG,
JEWELL,
JESS,
JENNA,
JEFFREY,
JANE,
JAMIE,
JAIN,
JACKY,
IVES,
IT,
INFECTIOUS,
INFECTION..DUE,
INDICATE,
IDA,
ICE,
IAN,
HWANG,
HUNG,
HUANG,
HOUSMAN,
HOSPITALIZED,
HINTZ,
HILA,
HIGHLY,
HEON,
HENRY,
HEALTHCARE,
HCV,
HARVEY,
HARRIS,
GREENLAND,
GONZALEZ,
GLEYSTEEN,
GLAUB,
GERMANSKY,
GENE,
FULTON,
FULL,
FRENIERE,
FRANK,
FRANCINE,
F,
EXPECTED,
EXCLUDE,
ETHAN,
ERICA,
ELANA,
EITHER,
EINHORN,
EDWARD,
ED,
DURING.PEAK,
DR.SANDMAN,
DR.PIACENTINE,
DR.KANDEL,
DR.JESELSOHN,
DR.GONZALO,
DR.GONZALEZ,
DISREGARD,y
DILIP,
DIFFERENT,
DIAGNOSE,
DEVORE,
DESIRED,
DATE,
DANIELLE,
DAN.M,
DALY,
DACEY,
D.MCTIGUE,
CROTO,
CRONAN,
COREY,
COOPER,
CONFIRM,
CONFER,
COLLINS,
CLEAN,
CHRISTOPHER,
CHRISTINE,
CHRISTENSON,
CHOICE,
CHARLOTTE,
CHADDERDON,
CECELIA,
CC9D,
CAREY,
CAN,
CAMBRIDGE,
CALVIN,
CALEV,
BYRON,
BUSS,
BRETT,
BOYKINS,
BIJAL,
BIER,
BERTISCH,
BENJAMIN,
BENITA,
BEING,
BECKY,
BAILEY,
AT99.99AM,
ASYMPTOMATIC,
ARI,
ANGUIANO,
ANDREA,
ANDERSON,
AN,
ALYSSA,
ALSO,
ALICIA,
ALAN,
ADRIAN,
ACTIVITY,
ACCEPTED,
AARON,
9999T,
9999K,
9999999S,
9999999F,
99.99.9999,
.99R,
ZUTLER,
ZUROMSKIS,
ZOZULA,
ZISK,
ZHU,
ZHANG,
Z,
YOUNG,
YORK,
YIYIN,
YANG,
YADLAPPALLI,
Y.KOTSUR.99999,
Y,
X.LUO,
X,
WOODS,
WOLF,
WINSETT,
WILSON,
WILLETTS,
WILLER,
WHANG,
WESTLAKE,
WELLS,
WATKINS,
WASHING,
WASH,
WARRINGTON,
WARNER,
WARDLAW,
WALSH,
WAHL,
W,
VZV,
VON,
VILLARANTE,
VIALLAFUERTE,
VARUN,
VANIVOV,
VANGUARD,
VALIDATED,
VAFAI,
V.WARE,
V.TRANMULLER,
UIGUANCO,
TROY,
TRISHNA,
TRILLA,
TREMAGLIO,
TREATMENT,
TRAFT,
TRACEY,
TP,
TOXOPLASMA,
TORGALKAR,
TOMICH,
TOMER,
TIMOTHY,
TIM,
TILAHUN,
TIFFANY,
TIERNEY,
TI,
THROUGH,
THESE,
THADANI,
TAYLOR,
TAVAREZ,
TAVARES,
TASHA,
TARTANICO,
TAPPER,
TANNER,
TANG,
TAMARA,
TALLEY,
TAKOUDES,
TAKEN,
T.LEE,
T.KOOISTRA,
T.FUDIM,
SZUMOSKI,
SUZANNE,
SUSPECT,
SURVEY,
SURA,
SUNG,
SUNDARAM,
SUMIT,
SUE,
SUCHARITA,
STUPLE,
STUDY,
STREPTOCOCCUS,
STONE,
STEVE,
STER,
STEIN,
STEAD,
STASHKO,
STANDARDIZED,
STACK,
STACEY,
SROUR,
SRIVASTAVA,
SPUTUM,
SPIEGEL,
SOURCE,
SOTO,
SOMMERVILLE,
SOLTOR,
SOLIS,
SNYDER,
SNOW,
SMALL,
SLEPINA,
SLANSKY,
SKARS,
SKARF,
SINHA,
SIMMONS,
SILVA,
SILPA,
SIDEALAGO,
SIDDHARTH,
SIDALL,
SHPILSKY,
SHOSHANA,
SHLAIN,
SHEYDWASSER,
SHETTY,
SHEIJA,
SHEEJA,
SHAUGHNESSY,
SET,
SEROLOGIC,
SEPARATELY,
SENSER,
SENDOUT,
SEND,
SELVAN,
SEGURA,
SEEMA,
SECRETARY,
SEAN,
SCREENED,
SCOTT,
SCHWORER,
SCHWIEGER,
SCHWARTZ,
SCHUMER,
SCHONBERG,
SCHLECHTER.99999,
SCHLECHTER,
SCARELLA,
SAVINA,
SAVARY,
SANTORO,
SAMIR,
SAMANTHA,
SALLY,
SALINE,
SALGUEIRO,
SALBER,
SAILLANT,
SAHA,
SADHWANI,
SACK,
S.WRIGHT,
S.SCHWORER,
S.KASHANIPOUR,
S.IGHT,
S.HERZIG,
S.EDWARDS,
RUTH,
RUNNING,
RUNGE,
RUISI,
RUBADUE,
RRV,
ROUX,
ROSS,
ROSENBERG,
ROMERO,
ROLKE,
ROHLSING,
ROHLFING,
ROCHELL,
ROBERTS,
RIVOLIVIER,
RIVERS,
RISKO,
RIM,
RIESMAN,
RIEDEL,
RICHARDS,
RHONA,
REYNOLD,
REVIEWED,
RESOLVED,
RESKE,
RESENT,
REPORTING,
REPLICATE,
REES,
REED,
REDENT,
REDDY,
RECTAL,
RECENTLY,
REAPPEAR,
REACTIVATION,
RAZA,
RAVEN,
RANDALL,
RAMSEY,
RAKOWSKY,
RAJASINGHAM,
RAHOL,
RAHMAN,
RAGHURAMAN,
RADHA,
RACHAEL,
R99,
R.SECATORE.99999,
R.PARKER,
R.MUKHERJEE,
R.JOYCE,
R.HARRIS,
R.DAHER,
QUINN,
QUIFE,
QNS,
PYLORI,
PURUGGANAN,
PURDY,
PROPHYLAXIS,
PRIOR,
PRIMARY,
PRICE,
PREVITERA,
PRESERVATIVE,
PRANITH,
POWELL,
POULIAS,
POTVIN,
PORTRAITAS,
PORTER,
POLLACK,
PLUME,
PINA,
PILGER,
PICCIRLLO,
PIACENTINE,
PHILLIP,
PHILIP,
PHIL,
PETRIATIS,
PETRIATIF,
PETITTI,
PETERSEN,
PETERS,
PETA,
PERSIST,
PERSELL,
PERRY,
PEREZ,
PELOQUIN,
PAVAO,
PATTERSON,
PATTERN,
PATRIC,
PATRAITIS,
PATHOGENS,
PATEL,
PARK,
PARAINFLUENZA,
PAPAZOVA,
PALMER,
PAIGE,
PAHLMAN,
P.BORKER,
OXNER,
OUGAN,
OSBORNE,
OSBORN,
OLVECZKY,
OCONNELL,
NUZZO,
NUYA,
NUTTALL,
NOWELLS,
NOVELETTE,
NORMA,
NOON,
NOELLE,
NOAH,
NINA,
NIELSEN,
NICHOL,
NEYMAN,
NESTOR,
NELSON,
NEAL,
NEAGLE,
NATHAN,
NATE,
NATASHA,
NAOMI,
NANDY,
NAM,
NADEN,
N.HANLEY,
N.BASU,
MURRAY,
MURIEL,
MUNA,
MULTIPLEX,
MULLIGAN,
MUKAMAL,
MOYLAN,
MOSTAGHIMI,
MOSS,
MORRIS,
MORRILL,
MORGENSTEIN,
MORAN,
MONTHS,
MONICA,
MONHEHEN,
MONAHAN,
MONA,
MOLEHAN,
MOJICA,
MITTY,
MITTEL,
MISMATCHED,
MISIURA,
MISCELLANEOUS,
MIRUEL,
MILLER,
MILES,
MIGDAL,
MIESHA,
MI,
METTER,
METHOD,
MEREDITH,
MENICE,
MENDENHALL,
MENDELHAR,
MEISNER,
MEHRA,
MEGAN,
MEATTEY,
MEAGAN,
MD.CLIA,
MCVEY,
MCNULTY,
MCLEOD,
MCKINNON,
MCKEON,
MCGOUDAL,
MCGIRR,
MCGILLCUDDY,
MCELROSY,
MCDOUGALL,
MCDOUGAL,
MCDERMOTT,
MCCUE,
MCCORMICK,
MCCLROY.EW.9,
MCARDLE,
MC,
MATTISON,
MATOS,
MAT,
MASTELERZ,
MARPOE,
MARIOLY,
MARIE,
MARGARET,
MARC,
MARA,
MANUELA,
MANU,
MANTIA,
MALTOS,
MALONEY,
MALLARD,
MALIK,
MAKOWSKI,
MAKOWSKA,
MAILED,
MAHONEY,
MAGGE,
MACKENZIE,
MACHENIZIE,
M.VALDEZ,
M.SANTOS,
M.PETRAVIS,
M.MULE,
M.MEGHAN,
M.LISZEWSKI,
M.COOPER,
M.COCCHI,
M.BURN,
M.BRUBACHER.999999,
M.BOUFFARD,
M.AYUB,
M.AOKI,
M..EW,
LYAPIS,
LUZANO,
LUKER,
LUISA,
LUFFMAN,
LUCINDA,
LOZANO,
LOUISE,
LOSCHIARO,
LORD,
LOPEZ,
LONGER,
LOAD,
LO,
LLOYD,
LLEARY,
LINDSAY,
LINDENBERG,
LIMIT,
LIM,
LILY,
LIGHTFOOT,
LIANG,
LIAN,
LEXINGTON,
LEVY,
LEVENSON,
LEO,
LENNOX,
LEFFLER,
LEELA,
LEAH,
LAUREN,
LAURA,
LASKER,
LASALVIA,
LARSON,
LAPLUME,
LANIGAN,
LANDSMAN,
LAM,
LAI,
LAHEY,
LAFAUCE,
LACY,
LACEY,
LABORATORY.999,
LABAS,
LA,
L.SIMONETTI.9999,
L.PETERSON,
L.MCKINNON,
L.HARRIS.9S,
L.HARRIS,
L.FERNANDEZ,
L.BILLER,
KUPERSTOCK,
KUOHUNG,
KUDKWASHE,
KRISTI,
KRIS,
KRATHEN,
KRAPPE,
KRACPE,
KOTHARI,
KOTECHA,
KOPELIN,
KOOISTRA,
KOOISTIAN,
KOBI,
KOBELIN,
KLAYMAN,
KLAUSMEIER,
KJSDF,
KISS,
KIRMIL,
KINSEY,
KING,
KIMBERLY,
KIMBALL,
KILMER,
KIKOSICKI,
KIERSTEN,
KIDLEY,
KHER,
KHANNA,
KHAN,
KEVI,
KERSHAW,
KERRI,
KENT,
KENNEY,
KENNETH,
KEN,
KELOW,
KELBE,
KEITH,
KEHLMANN,
KECTRIN,
KAYLAN,
KAVERI,
KAVALTZIS,
KATELYN,
KASSAMALI,
KAISER,
KAFFERTY,
K.SELBY,
K.PLEWNIAK,
K.MYERS,
K.LYNCH,
K.LARNED,
K.JENKINS,
K.DUNNE,
K.CLIFTON,
K.BITHELL,
K.BARRY,
JUSTINE,
JULIET,
JULIANNA,
JULIA,
JUDITH,
JOSEPHINE,
JOO,
JONATHEN,
JOHNSYON,
JOHNSTON,
JOHNSON,
JOHNSEN,
JOEL,
JOE,
JOAN,
JILLIAN,
JESUS,
JESICA,
JEREMY,
JERALYN,
JENNY,
JED,
JAZZ,
JAZMINE,
JAY,
JARED,
JAQUELIN,
JANSEN,
JANET,
JAKE,
JAHKOWSKI,
JACOBSON,
JACKIE,
J.SUTTON,
J.LYNCH,
J.LEE,
J.KONTER,
J.KLEINMAN,
J.HWANG.99999,
J.HARRIET,
J.FRAIZEN,
J.DUSHAY,
J.CHOU,
J.CARTER,
J.CAMACHO.99999,
J.CAMACHO,
J.BALDWIN,
IU,
ISSUE,
ISRAEL,
IRINA,
IRELAND,
INNSKEEP,
INNA,
INN,
INFORMED,
INERPRET,
INCORRECT,y
INCONCLUSIVE,y
INAPPROPRIATE,y
IMUGEN,
IMMUNOCOMPROMISED,
IMMUNOBLOT,
ILEOSTOMY,
HUNTER,
HOYLE,
HOWELL,
HOWE,
HORN,
HONG,
HOLDEN,
HOGAN,
HOFFMAN,
HOCH,
HOBBS,
HO,
HIN9,
HIGHFILL,
HETHAWEY,
HERZIG,
HERBERT,
HEMMING,
HELENE,
HELEN,
HEFNER,
HEATHER,
HEALTH,
HCA,
HAZANI,
HAWKEY,
HAVEN,
HAVE,
HAUGEN,
HARVARD,
HARTY,
HANS,
HANI,
HAMILTON,
HALBERT,
HACKETT,
H.WHITLATCH,
H.PERRY,
H.CHANG,
GWYN,
GURR,
GURMESA,
GUNNING,
GUBATAN,
GRUNWALD,
GROUP,
GROKOWSKY,
GRINWALD,
GRIMALDI,
GRIFFITH,
GRIEF,
GREGG,
GREALISH,
GOREN,
GOMEZ,
GOLDSTEIN,
GOLDMAN,
GOLDBERG,
GLASS,
GIRARD,
GINGER,
GILLICK,
GILA,
GIGI,
GIEDRIMAS,
GIBSON,
GERWURZ,
GENEXPERT,
GEMELLARO,
GAUGHAN,
GATOF,
GARVEY,
GARRITY,
GARIEPY,
GARDNER,
GARBER,
GANNON,
GANGIREDDY,
GALVEZ,
GALLIGHER,
GALINDA,
GAIL,
GABRIEL,
G.FARRIS,
FUDMAN,
FRINK,
FREUD,
FRANCOIS,
FRAHER,
FR,
FOUND,y
FOSTER,
FORTIN,
FOGEL,
FLYNN,
FLOW,
FLORES,
FINLEY,
FINDINGS,
FEVRIER,
FEUERSTEIN,
FERREIRA,
FERNANDEZ,
FERN,
FENWAY,
FELIPE,
FELDMAN,
FEINBLOOM,
FEI,
FAWCETT,
FATIMA,
FARR9,
FARR,
FAR99,
FANNING,
FALLON,
FAIG,
FAHEY,
FACHUK,
FA99,
FA9.9,
F.LIU,
EYVAZZADEH,
EXTRA,
EVY,
EVELEEN,
EUGENE,
ETIENNE,
ESTHER,
EQUAL,
ENTERED,
ENGLISH,
EMPLOYEE,
EMAILED,
EM,
ELYSE,
ELLIOT,
ELIZABETH,
ELITHABETH,
ELISE,
EH.9,
EH,
EGEN,
EGAN,
EDWARDS,
EDQADL,
ECKERT,
E.NUZZO,
E.HOUSMAN,
E.HARRIS,
DYLIN,
DUPONT,
DUNNE,
DUDLEY,
DUCENT,
DUAIJ,
DRUGS,
DREWS,
DR.ZHOU,
DR.YUSHAK,
DR.YANG,
DR.X.TAN,
DR.WILLIAMS,
DR.WHITE,
DR.WESTON,
DR.VOHRA,
DR.VAUGHN,
DR.VANINOV,
DR.VANDERWIELEN,
DR.TROY,
DR.TRENTON,
DR.TOM,
DR.TIERNEY,
DR.THANE,
DR.THAKER,
DR.SZUMOWSKI,
DR.SUMA,
DR.STARR,
DR.STACK.CONOR,
DR.SOLIS,
DR.SMITH,
DR.SMETANA,
DR.SIEGEL,
DR.SHPILSKY,
DR.SHAH,
DR.SARAH,
DR.S.LYNCH,
DR.ROSENBERG,
DR.ROSE,
DR.RONAN,
DR.RITTER,
DR.RISECH,
DR.RICCIO,
DR.REES,
DR.RAPOPORT,
DR.R.KANDEL,
DR.PYDEN,
DR.PORCARO,
DR.PERERA,
DR.PATEL,
DR.PARPUS,
DR.PARKER,
DR.P,
DR.OSBORN,
DR.MUTYAMBIZI,
DR.MORRIS,
DR.MOLINA,
DR.MITTY,
DR.MEYER,
DR.MEIN,
DR.MCNALLY,
DR.MCKENZIE,
DR.MCCORMICK,
DR.MAK,
DR.M.ARONSON,
DR.LINDSEY,
DR.LIEN,
DR.LARNED,
DR.LADAPO,
DR.LACY,
DR.L.DOCTOROFF,
DR.KUMAR,
DR.KOOISTRA,
DR.KONIARIS,
DR.KIM,
DR.KHANNA.99999,
DR.KENNEDY,
DR.KEHLMANN,
DR.KATHERIN,
DR.KAREN,
DR.KAPLAN,
DR.KAMDAR,
DR.JOYCE,
DR.JOHN,
DR.J.TREMAGLIO,
DR.J.KONTER,
DR.J.GROSSMAN,
DR.J.FANI,
DR.HUAN,
DR.HILL,
DR.HELEN,
DR.HEARN,
DR.HARRINGTON,
DR.HAMMERSTEDT,
DR.HALL,
DR.HALE,
DR.GURLEY,
DR.GREER,
DR.GOLDMAN,
DR.GOLDBERG,
DR.GILBERT,
DR.GANGIREDDY,
DR.GANETSKY,
DR.FORD,
DR.FOGEL,
DR.FERNANDEZ,
DR.FAWCETT,
DR.FAULHABER,
DR.F.SANTORO,
DR.ENGLISH,
DR.EDWARD,
DR.DYER,
DR.DUNNE,
DR.DEWEY,
DR.DESSIE,
DR.DESAI,
DR.COOPER,
DR.CONWAY,
DR.CALLAWAY,
DR.BURDICK,
DR.BREM,
DR.BONNO,
DR.BONACCI,
DR.BERG,
DR.BATMAN,
DR.BARKIM,
DR.BAILEY,
DR.B.HOBBS.99999,
DR.AVIGNAT,
DR.ATIBA,
DR.ARMSTRONG,
DR.ARIYABUDDHIPHONGS,
DR.ANITA,
DR.A.TACHJIAN.99999,
DR.A.SCHWARTZMAN,
DR.A.COMANDER,
DR.A.BOTTS,
DOYLE,
DOUGLAS,
DOUFANE,
DOTTERY,
DORIS,
DONYEA,
DONNINO,
DONNAHUGH,
DOLANO,
DOCTOROFF,
DICRISTOFORO,
DICKER,
DICCO,
DIANA,
DIAGNOSTIC,
DEVONSHIRE,
DEVANEY,
DETECT,
DESANTIS,
DEREOSE,
DEOBHAKTA,
DENKINGER,
DEMENEZES,
DELPENA,
DEFEO,
DECRISTOSORO,
DECOTEAU,
DECKRO,
DECKER,
DEBRA,
DEBORAH,
DEBEASI,
DE,
DAVIS,
DAVIES,
DAVE,
DARSH,
DAPHNA,
DANNHEIM,
DANESH,
DANDAMUDI,
DAN.M.EH,
DAILY,
DAHAR.99999,
DAGAN,
D.SULLIVAN,
D.ROBERTS.99999,
D.RICOTTA,
D.PENZO.EW,
D.MCELROY,
D.MANDELBROT,
D.KEDRIN.99999,
D.JOHNSON,
D.FLAHERTY,
D.EW,
D.COPPACK,
D.AUGUST,
D.AFFELN,
CYTOTOXIN,
CURTIS,
CULLINEN,
CRUZ,
CROTTY,
COVIELLO,
COURTNEY,
COULSON,
COUGHLIN,
CORRECTION,
COPPOCK,
CONTROL,
CONTAINER,
CONOR,
CONNOR,
CONFIRMING,
CONFIRMATORY,
CONCENTRATED,
COMSTOCK.99999,
COMMUNICATED,
COMBINED,
COLLECTED,
COLGROVE,
COLELLI,
COLEEN,
COFFEY,
CLOSTRIDIUM,
CLIFTON,
CLIFFORD,
CLARKE,
CLANCY,
CLAIRE,
CLAIR,
CINDY,
CIARAMETARO,
CHUI,
CHU,
CHRISTINA,
CHRISTIANSEN,
CHRISSIE,
CHOU,
CHIULLI,
CHIU,
CHING,
CHIA,
CHETHAN,
CHESTER,
CHERYL,
CHELSEA,
CHEIN,
CHEIFETZ,
CHARLENE,
CHARCOAL,
CHALKIAS,
CHA,
CENTAUR,
CELL,
CELI,
CEDERROTH,
CEDDAROTH,
CEBALLOS,
CDT,
CC9B,
CC9,
CAVALERI,
CATHERINE,
CASEY,
CASES,
CARTER,
CARR,
CAROLYNN,
CARO,
CARNAZZO,
CARMEN,
CAREGROUP.HARVARD.EDU,
CAPTURE,
CAPEZVITO,
CANTON,
CAMILLE,
CAMACHO,
CALEB,
CAITLYN,
CAHILL,
C.WHITCOMB,
C.SHAH,
C.ROSEN,
C.REILLY.EW,
C.REILLY.99999,
C.MORRIS.99999,
C.MORRIS,
C.KOBELIN,
C.KERSHAW,
C.ISAAC,
C.ENGEL,
C.DIFF,y
C.DIAS,
C.CRUZ,
C.BIRMINGHAM,
BUZNEY,
BUYER,
BUTRAGO,
BUT,
BURNS.99999,
BURNS,
BURLINGTON,
BURKE,
BUNNI,
BULLOCK,
BUGGIA,
BUCKLEY,
BRUBACHER,
BROWNE,
BROOKS,
BRONDON,
BRODIE,
BRITTANY,
BRITO,
BRISAS,
BRIAN,
BRI,
BREU,
BOYLE,
BOWERS,
BOOKMAN,
BONNO,
BONNEY,
BONACCI,
BOLDEN,
BNU,
BLAKELEY,
BITHELL,
BING,
BILLER,
BICKFORD,
BIANCARDI,
BIANCA,
BEYER,
BEVIN,
BETTY,
BETTINE,
BETH,
BETA,
BERNIDETT,
BERGLUND,
BERG,
BERETT,
BERDONARL,
BEN,
BELYA,
BELWIN,
BEEN,
BECK,
BECHARA,
BEAUVERA,
BAYER,
BAUMWELL,
BASHAR,
BASCIOTTA,
BARTFIELD,
BARSAMIEN,
BARRY,
BARLAND,
BARBOSA,
BARAK,
BALL,
BALDWIN,
BAENY,
BACKMAN,
BACHI,
BACH,
BABINEAU,
B.YOUNG,
B.WILLIAMS.9I,
B.WILLIAMS,
B.WERTHEIMER,
B.SULLIVAN,
B.MOBO,
B.LIAW.99999,
B.HOBBS,
B.DUNNE,
B.CROTTY,
AZFAR,
AXELROD,
AWAIT,
AUTHORIZED,
AUSTON,
AUSSERMANN,
AUGUST,
ATIBA,
ASEL,
ASARO,
ARUN,
AROSON,
ARNBY,
ARIYABUDDHIPHONGS,
ARIC,
APRIL,
APPROXIMATELY,
ANUPAM,
ANTREASSIAN,
ANTIRETROVIRAL,
ANTIGENT,
ANTIBODIES,
ANTHONY,
ANITA,
ANGIE,
ANEJAA,
ANEJA,
ANDY,
ANASTOPOULOS,
ANANALWAR,
ANALYSIS,
AMPLICATION,
AMERSON,
AMBROSE,
AMATRUDA,
AMADO,
ALTERNATIVE,
ALOCIA,
ALLISTER,
ALISH,
ALIMER,
ALICE,
ALEXIS,
ALEXANDRA,
ALEXANDER,
ALEX,
ALESANDRA,
AKBARI,
AIMEE,
AILYSE,
AHN,
AHMED,
AGUIAR,
AFFELIN,
ADRIENNE,
ADMINISTRATION..TEST,
ADENO,
ADDENDUM,
ACTIVE,
ACCESSION,
ABILITY,
ABC,
ABALOS,
A.ZINCHUK,
A.STEVENS,
A.MOSKOWITZ,
A.MITTEL.99999,
A.METTER,
A.HUANG,
A.H9N9,
A.GARDNER,
A.CANCELLIERE,
A.CABRAL.CC9A,
A.BULLOCK,
A.ALLEN,
9RD,
9F,
9AU,
9A,
99P,
99NOON,
9999Z,
9999S,
9999P,
9999H,
99999M,
999999A,
9999999T,
9999999R,
9999999P,
9999999O,
9999999N,
9999999L,
9999999H,
9999999D,
9999999B,
9999999A,
99.99.99,
9.99A,
9.9.99,
.9S,
.9I.9,
.999999,
